{"BlindsState": {"Phone_Engaged": 0.17575757575757575, "InsideLightLevel": 0.06060606060606061, "BlindsState": 0.06666666666666667, "LightBulb_LightState": 0.0, "WindowState": 0.024242424242424242, "LightSwitchState": 0.07272727272727272, "RadiatorDial": 0.03636363636363636, "SmartAssistant_On": 0.07272727272727272, "NoiseLevelSensor_NoiseLevel": 0.024242424242424242, "InsideTemperatureLevel": 0.09090909090909091, "OutsideLightLevel": 0.37575757575757573}, "LightBulb_LightState": {"Phone_Engaged": 0.06432748538011696, "InsideLightLevel": 0.38596491228070173, "BlindsState": 0.05847953216374269, "LightBulb_LightState": 0.2807017543859649, "WindowState": 0.011695906432748537, "LightSwitchState": 0.04678362573099415, "RadiatorDial": 0.011695906432748537, "SmartAssistant_On": 0.017543859649122806, "NoiseLevelSensor_NoiseLevel": 0.05263157894736842, "InsideTemperatureLevel": 0.011695906432748537, "OutsideLightLevel": 0.05847953216374269}, "WindowState": {"Phone_Engaged": 0.08333333333333333, "InsideLightLevel": 0.0, "BlindsState": 0.08333333333333333, "LightBulb_LightState": 0.0, "WindowState": 0.0, "LightSwitchState": 0.08333333333333333, "RadiatorDial": 0.08333333333333333, "SmartAssistant_On": 0.25, "NoiseLevelSensor_NoiseLevel": 0.08333333333333333, "InsideTemperatureLevel": 0.3333333333333333, "OutsideLightLevel": 0.0}, "RadiatorDial": {"Phone_Engaged": 0.13333333333333333, "InsideLightLevel": 0.13333333333333333, "BlindsState": 0.0, "LightBulb_LightState": 0.0, "WindowState": 0.0, "LightSwitchState": 0.0, "RadiatorDial": 0.26666666666666666, "SmartAssistant_On": 0.06666666666666667, "NoiseLevelSensor_NoiseLevel": 0.06666666666666667, "InsideTemperatureLevel": 0.3333333333333333, "OutsideLightLevel": 0.0}, "SmartAssistant_On": {"Phone_Engaged": 0.36666666666666664, "InsideLightLevel": 0.0, "BlindsState": 0.0, "LightBulb_LightState": 0.0, "WindowState": 0.0, "LightSwitchState": 0.13333333333333333, "RadiatorDial": 0.0, "SmartAssistant_On": 0.03333333333333333, "NoiseLevelSensor_NoiseLevel": 0.3333333333333333, "InsideTemperatureLevel": 0.06666666666666667, "OutsideLightLevel": 0.06666666666666667}}