{"BlindsState": {"Phone_Engaged": 0.2, "InsideLightLevel": 0.09090909090909091, "BlindsState": 0.06909090909090909, "LightBulb_LightState": 0.025454545454545455, "WindowState": 0.014545454545454545, "LightSwitchState": 0.1006060606060606, "RadiatorDial": 0.04, "SmartAssistant_On": 0.07393939393939394, "NoiseLevelSensor_NoiseLevel": 0.10787878787878788, "InsideTemperatureLevel": 0.1006060606060606, "OutsideLightLevel": 0.17696969696969697}, "LightBulb_LightState": {"Phone_Engaged": 0.16842723004694835, "InsideLightLevel": 0.22300469483568075, "BlindsState": 0.08568075117370892, "LightBulb_LightState": 0.09272300469483569, "WindowState": 0.01232394366197183, "LightSwitchState": 0.07453051643192488, "RadiatorDial": 0.017018779342723004, "SmartAssistant_On": 0.061619718309859156, "NoiseLevelSensor_NoiseLevel": 0.0528169014084507, "InsideTemperatureLevel": 0.062206572769953054, "OutsideLightLevel": 0.14964788732394366}, "WindowState": {"Phone_Engaged": 0.25, "InsideLightLevel": 0.175, "BlindsState": 0.016666666666666666, "LightBulb_LightState": 0.1, "WindowState": 0.0, "LightSwitchState": 0.175, "RadiatorDial": 0.016666666666666666, "SmartAssistant_On": 0.075, "NoiseLevelSensor_NoiseLevel": 0.058333333333333334, "InsideTemperatureLevel": 0.06666666666666667, "OutsideLightLevel": 0.06666666666666667}, "RadiatorDial": {"Phone_Engaged": 0.12666666666666668, "InsideLightLevel": 0.22666666666666666, "BlindsState": 0.08, "LightBulb_LightState": 0.09333333333333334, "WindowState": 0.0, "LightSwitchState": 0.16, "RadiatorDial": 0.1, "SmartAssistant_On": 0.013333333333333334, "NoiseLevelSensor_NoiseLevel": 0.013333333333333334, "InsideTemperatureLevel": 0.12666666666666668, "OutsideLightLevel": 0.06}, "SmartAssistant_On": {"Phone_Engaged": 0.17333333333333334, "InsideLightLevel": 0.11333333333333333, "BlindsState": 0.05333333333333334, "LightBulb_LightState": 0.11333333333333333, "WindowState": 0.0, "LightSwitchState": 0.15333333333333332, "RadiatorDial": 0.05333333333333334, "SmartAssistant_On": 0.06, "NoiseLevelSensor_NoiseLevel": 0.14666666666666667, "InsideTemperatureLevel": 0.04, "OutsideLightLevel": 0.09333333333333334}}