{"BlindsState": {"OutsideLightLevel": 0.1891891891891892, "Phone_Engaged": 0.2972972972972973, "NoiseLevelSensor_NoiseLevel": 0.10810810810810811, "BlindsState": 0.04864864864864865, "SmartAssistant_On": 0.05405405405405406, "LightBulb_LightState": 0.016216216216216217, "LightSwitchState": 0.0918918918918919, "InsideTemperatureLevel": 0.07567567567567568, "InsideLightLevel": 0.07567567567567568, "RadiatorDial": 0.016216216216216217, "WindowState": 0.02702702702702703}, "SmartAssistant_On": {"OutsideLightLevel": 0.5, "Phone_Engaged": 0.0, "NoiseLevelSensor_NoiseLevel": 0.5, "BlindsState": 0.0, "SmartAssistant_On": 0.0, "LightBulb_LightState": 0.0, "LightSwitchState": 0.0, "InsideTemperatureLevel": 0.0, "InsideLightLevel": 0.0, "RadiatorDial": 0.0, "WindowState": 0.0}, "RadiatorDial": {"OutsideLightLevel": 0.13333333333333333, "Phone_Engaged": 0.15555555555555556, "NoiseLevelSensor_NoiseLevel": 0.1, "BlindsState": 0.044444444444444446, "SmartAssistant_On": 0.022222222222222223, "LightBulb_LightState": 0.0, "LightSwitchState": 0.0, "InsideTemperatureLevel": 0.16666666666666666, "InsideLightLevel": 0.03333333333333333, "RadiatorDial": 0.34444444444444444, "WindowState": 0.0}, "LightBulb_LightState": {"OutsideLightLevel": 0.08888888888888889, "Phone_Engaged": 0.0962962962962963, "NoiseLevelSensor_NoiseLevel": 0.018518518518518517, "BlindsState": 0.07407407407407407, "SmartAssistant_On": 0.014814814814814815, "LightBulb_LightState": 0.22962962962962963, "LightSwitchState": 0.08148148148148149, "InsideTemperatureLevel": 0.07777777777777778, "InsideLightLevel": 0.3111111111111111, "RadiatorDial": 0.0, "WindowState": 0.007407407407407408}, "WindowState": {"OutsideLightLevel": 0.16666666666666666, "Phone_Engaged": 0.25925925925925924, "NoiseLevelSensor_NoiseLevel": 0.0, "BlindsState": 0.037037037037037035, "SmartAssistant_On": 0.09259259259259259, "LightBulb_LightState": 0.05555555555555555, "LightSwitchState": 0.05555555555555555, "InsideTemperatureLevel": 0.16666666666666666, "InsideLightLevel": 0.09259259259259259, "RadiatorDial": 0.07407407407407407, "WindowState": 0.0}}