{"BlindsState": {"Phone_Engaged": 0.19696969696969696, "InsideLightLevel": 0.03939393939393939, "BlindsState": 0.0696969696969697, "LightBulb_LightState": 0.03636363636363636, "WindowState": 0.021212121212121213, "LightSwitchState": 0.07272727272727272, "RadiatorDial": 0.045454545454545456, "SmartAssistant_On": 0.08181818181818182, "NoiseLevelSensor_NoiseLevel": 0.07575757575757576, "InsideTemperatureLevel": 0.11818181818181818, "OutsideLightLevel": 0.24242424242424243}, "LightBulb_LightState": {"Phone_Engaged": 0.09809663250366032, "InsideLightLevel": 0.4011713030746706, "BlindsState": 0.05124450951683748, "LightBulb_LightState": 0.18887262079062958, "WindowState": 0.005856515373352855, "LightSwitchState": 0.05124450951683748, "RadiatorDial": 0.010248901903367497, "SmartAssistant_On": 0.048316251830161056, "NoiseLevelSensor_NoiseLevel": 0.03513909224011713, "InsideTemperatureLevel": 0.02342606149341142, "OutsideLightLevel": 0.08638360175695461}, "WindowState": {"Phone_Engaged": 0.16666666666666666, "InsideLightLevel": 0.25, "BlindsState": 0.041666666666666664, "LightBulb_LightState": 0.0, "WindowState": 0.0, "LightSwitchState": 0.041666666666666664, "RadiatorDial": 0.041666666666666664, "SmartAssistant_On": 0.1875, "NoiseLevelSensor_NoiseLevel": 0.041666666666666664, "InsideTemperatureLevel": 0.16666666666666666, "OutsideLightLevel": 0.0625}, "RadiatorDial": {"Phone_Engaged": 0.16666666666666666, "InsideLightLevel": 0.16666666666666666, "BlindsState": 0.05, "LightBulb_LightState": 0.1, "WindowState": 0.0, "LightSwitchState": 0.1, "RadiatorDial": 0.18333333333333332, "SmartAssistant_On": 0.03333333333333333, "NoiseLevelSensor_NoiseLevel": 0.03333333333333333, "InsideTemperatureLevel": 0.16666666666666666, "OutsideLightLevel": 0.0}, "SmartAssistant_On": {"Phone_Engaged": 0.2833333333333333, "InsideLightLevel": 0.2, "BlindsState": 0.05, "LightBulb_LightState": 0.0, "WindowState": 0.0, "LightSwitchState": 0.06666666666666667, "RadiatorDial": 0.05, "SmartAssistant_On": 0.06666666666666667, "NoiseLevelSensor_NoiseLevel": 0.21666666666666667, "InsideTemperatureLevel": 0.03333333333333333, "OutsideLightLevel": 0.03333333333333333}}