{"BlindsState": {"Phone_Engaged": 0.22727272727272727, "InsideLightLevel": 0.045454545454545456, "BlindsState": 0.08545454545454545, "LightBulb_LightState": 0.02909090909090909, "WindowState": 0.012727272727272728, "LightSwitchState": 0.08727272727272728, "RadiatorDial": 0.04181818181818182, "SmartAssistant_On": 0.09272727272727273, "NoiseLevelSensor_NoiseLevel": 0.0890909090909091, "InsideTemperatureLevel": 0.11454545454545455, "OutsideLightLevel": 0.17454545454545456}, "LightBulb_LightState": {"Phone_Engaged": 0.12928759894459102, "InsideLightLevel": 0.29815303430079154, "BlindsState": 0.09762532981530343, "LightBulb_LightState": 0.1345646437994723, "WindowState": 0.014072119613016711, "LightSwitchState": 0.06684256816182937, "RadiatorDial": 0.016710642040457344, "SmartAssistant_On": 0.05716798592788039, "NoiseLevelSensor_NoiseLevel": 0.052770448548812667, "InsideTemperatureLevel": 0.04925241864555849, "OutsideLightLevel": 0.08355321020228672}, "WindowState": {"Phone_Engaged": 0.25, "InsideLightLevel": 0.2, "BlindsState": 0.025, "LightBulb_LightState": 0.15, "WindowState": 0.0, "LightSwitchState": 0.075, "RadiatorDial": 0.025, "SmartAssistant_On": 0.1125, "NoiseLevelSensor_NoiseLevel": 0.025, "InsideTemperatureLevel": 0.1, "OutsideLightLevel": 0.0375}, "RadiatorDial": {"Phone_Engaged": 0.14, "InsideLightLevel": 0.14, "BlindsState": 0.07, "LightBulb_LightState": 0.14, "WindowState": 0.0, "LightSwitchState": 0.14, "RadiatorDial": 0.15, "SmartAssistant_On": 0.02, "NoiseLevelSensor_NoiseLevel": 0.02, "InsideTemperatureLevel": 0.14, "OutsideLightLevel": 0.04}, "SmartAssistant_On": {"Phone_Engaged": 0.21, "InsideLightLevel": 0.12, "BlindsState": 0.03, "LightBulb_LightState": 0.12, "WindowState": 0.0, "LightSwitchState": 0.08, "RadiatorDial": 0.03, "SmartAssistant_On": 0.04, "NoiseLevelSensor_NoiseLevel": 0.17, "InsideTemperatureLevel": 0.06, "OutsideLightLevel": 0.14}}